{
  "lr": 0.0028448073963574317,
  "dropout": 0.37070133135755157
}