{
  "lr": 0.0022773547547408853,
  "dropout": 0.17496333289969482,
  "weight_decay": 1.7223585336677e-05
}