{
  "lr": 0.0026610255140163165,
  "dropout": 0.3351541844897266
}