{
  "lr": 0.0027403952755458575,
  "dropout": 0.21079018162717744
}